[{
  "_id": {
    "$oid": "678d13b74028047edbf2673d"
  },
  "task_id": "46127023-98c9-40bb-b263-7d5c3ba5af84",
  "taskName": "TCS Task name",
  "description": "TCS Task description",
  "assigner_id": "5dacc9dc-91c2-49be-aebf-9f9c887b5c71",
  "assigned_to": [
    {
      "name": "TCS User",
      "user_id": "e9565dec-7845-4a9e-be0b-76c985b8bd52",
      "assigned_at": {
        "$date": "2025-01-19T15:01:11.729Z"
      },
      "_id": {
        "$oid": "678d13b74028047edbf2673e"
      }
    }
  ],
  "project": [
    {
      "project_id": "753e6bb5-8800-4fb4-8ff3-9a2de2bb6db9",
      "projectName": "Tata admin project",
      "_id": {
        "$oid": "678d13b74028047edbf2673f"
      }
    }
  ],
  "team": [
    {
      "team_id": "3a953ce8-f45b-42c9-8b3b-c38fe5ff6310",
      "teamName": "TCS Team",
      "_id": {
        "$oid": "678d13b74028047edbf26740"
      }
    }
  ],
  "start_date": {
    "$date": "2025-01-20T00:00:00.000Z"
  },
  "end_date": {
    "$date": "2025-01-22T00:00:00.000Z"
  },
  "status": "New Task",
  "priority": "Urgent",
  "created_at": {
    "$date": "2025-01-19T15:01:11.733Z"
  },
  "updated_at": {
    "$date": "2025-01-19T15:01:11.737Z"
  },
  "comments": [],
  "createdAt": {
    "$date": "2025-01-19T15:01:11.737Z"
  },
  "updatedAt": {
    "$date": "2025-01-19T15:01:11.737Z"
  },
  "__v": 0
},
{
  "_id": {
    "$oid": "678d179e4028047edbf26916"
  },
  "task_id": "ca713998-5158-46ab-bb00-9c572da6d657",
  "taskName": "zoho task name",
  "description": "zoho task description",
  "assigner_id": "03ce1a2a-b6a0-463d-8276-1ecab0ca3e28",
  "assigned_to": [
    {
      "name": "zoho user",
      "user_id": "c51b41af-9afb-4eeb-bde2-58293559f7b4",
      "assigned_at": {
        "$date": "2025-01-19T15:17:50.027Z"
      },
      "_id": {
        "$oid": "678d179e4028047edbf26917"
      }
    }
  ],
  "project": [
    {
      "project_id": "b4845008-c064-44b9-98ee-9e7d72fde025",
      "projectName": "zoho project",
      "_id": {
        "$oid": "678d179e4028047edbf26918"
      }
    }
  ],
  "team": [
    {
      "team_id": "a2791d05-6ea2-4e3f-b0e3-222c6890cc59",
      "teamName": "zoho Team",
      "_id": {
        "$oid": "678d179e4028047edbf26919"
      }
    }
  ],
  "start_date": {
    "$date": "2025-01-29T00:00:00.000Z"
  },
  "end_date": {
    "$date": "2025-01-31T00:00:00.000Z"
  },
  "status": "New Task",
  "priority": "Low",
  "created_at": {
    "$date": "2025-01-19T15:17:50.054Z"
  },
  "updated_at": {
    "$date": "2025-01-19T15:17:50.057Z"
  },
  "comments": [],
  "createdAt": {
    "$date": "2025-01-19T15:17:50.056Z"
  },
  "updatedAt": {
    "$date": "2025-01-19T15:17:50.056Z"
  },
  "__v": 0
},
{
  "_id": {
    "$oid": "678d28174028047edbf26eb6"
  },
  "task_id": "6e1c80c4-a1c5-4313-b55d-35e1388e4e79",
  "taskName": "gfssd",
  "description": "fdssdfdsdsfdsfds",
  "assigner_id": "5dacc9dc-91c2-49be-aebf-9f9c887b5c71",
  "assigned_to": [
    {
      "name": "TCS User",
      "user_id": "e9565dec-7845-4a9e-be0b-76c985b8bd52",
      "assigned_at": {
        "$date": "2025-01-19T16:28:07.336Z"
      },
      "_id": {
        "$oid": "678d28174028047edbf26eb7"
      }
    }
  ],
  "project": [
    {
      "project_id": "753e6bb5-8800-4fb4-8ff3-9a2de2bb6db9",
      "projectName": "Tata admin project",
      "_id": {
        "$oid": "678d28174028047edbf26eb8"
      }
    }
  ],
  "team": [
    {
      "team_id": "3a953ce8-f45b-42c9-8b3b-c38fe5ff6310",
      "teamName": "TCS Team",
      "_id": {
        "$oid": "678d28174028047edbf26eb9"
      }
    }
  ],
  "start_date": {
    "$date": "2025-01-24T00:00:00.000Z"
  },
  "end_date": {
    "$date": "2025-01-29T00:00:00.000Z"
  },
  "status": "Under Progress",
  "priority": "fdsfsdf",
  "created_at": {
    "$date": "2025-01-19T16:28:07.337Z"
  },
  "updated_at": {
    "$date": "2025-01-19T16:28:07.339Z"
  },
  "comments": [],
  "createdAt": {
    "$date": "2025-01-19T16:28:07.339Z"
  },
  "updatedAt": {
    "$date": "2025-01-19T16:28:07.339Z"
  },
  "__v": 0
}]