[{
  "_id": {
    "$oid": "678d13864028047edbf26717"
  },
  "projectName": "Tata admin project",
  "project_description": "Tata admin project\tdesctip",
  "start_date": {
    "$date": "2025-01-20T00:00:00.000Z"
  },
  "end_date": {
    "$date": "2025-01-22T00:00:00.000Z"
  },
  "project_status": "Task Assigned",
  "tasks": [
    {
      "task_id": "46127023-98c9-40bb-b263-7d5c3ba5af84",
      "taskName": "TCS Task name",
      "assigned_to": [
        "e9565dec-7845-4a9e-be0b-76c985b8bd52"
      ],
      "_id": {
        "$oid": "678d13b74028047edbf26742"
      }
    },
    {
      "task_id": "6e1c80c4-a1c5-4313-b55d-35e1388e4e79",
      "taskName": "gfssd",
      "assigned_to": [
        "e9565dec-7845-4a9e-be0b-76c985b8bd52"
      ],
      "_id": {
        "$oid": "678d28174028047edbf26ebb"
      }
    }
  ],
  "created_by": "5dacc9dc-91c2-49be-aebf-9f9c887b5c71",
  "teams": [],
  "project_id": "753e6bb5-8800-4fb4-8ff3-9a2de2bb6db9",
  "created_at": {
    "$date": "2025-01-19T15:00:22.128Z"
  },
  "updated_at": {
    "$date": "2025-01-19T15:00:22.130Z"
  },
  "createdAt": {
    "$date": "2025-01-19T15:00:22.130Z"
  },
  "updatedAt": {
    "$date": "2025-01-19T16:28:07.351Z"
  },
  "__v": 0
},
{
  "_id": {
    "$oid": "678d15614028047edbf26835"
  },
  "projectName": "zoho project",
  "project_description": "zoho project description",
  "start_date": {
    "$date": "2025-01-20T00:00:00.000Z"
  },
  "end_date": {
    "$date": "2025-01-29T00:00:00.000Z"
  },
  "project_status": "Task Assigned",
  "tasks": [
    {
      "task_id": "ca713998-5158-46ab-bb00-9c572da6d657",
      "taskName": "zoho task name",
      "assigned_to": [
        "c51b41af-9afb-4eeb-bde2-58293559f7b4"
      ],
      "_id": {
        "$oid": "678d179e4028047edbf2691b"
      }
    }
  ],
  "created_by": "03ce1a2a-b6a0-463d-8276-1ecab0ca3e28",
  "teams": [
    {
      "team_id": "a2791d05-6ea2-4e3f-b0e3-222c6890cc59",
      "teamName": "zoho Team",
      "_id": {
        "$oid": "678d15734028047edbf26853"
      }
    }
  ],
  "project_id": "b4845008-c064-44b9-98ee-9e7d72fde025",
  "created_at": {
    "$date": "2025-01-19T15:08:17.530Z"
  },
  "updated_at": {
    "$date": "2025-01-19T15:08:35.870Z"
  },
  "createdAt": {
    "$date": "2025-01-19T15:08:17.531Z"
  },
  "updatedAt": {
    "$date": "2025-01-19T15:17:50.067Z"
  },
  "__v": 1
}]